metric,horizon,rmse,dim0_rmse,dim1_rmse,dim2_rmse,dim3_rmse,dim4_rmse,dim5_rmse,dim6_rmse,dim7_rmse,dim8_rmse,dim9_rmse,dim10_rmse,dim11_rmse,dim12_rmse,dim13_rmse,dim14_rmse,dim15_rmse,dim16_rmse,dim17_rmse
teacher_forced_one_step,1,0.22782182693481445,0.01457477081567049,0.01526312343776226,0.013296972028911114,0.01194050069898367,0.012785208411514759,0.01327987015247345,0.012519408017396927,0.007503724191337824,0.0071093253791332245,0.3582735061645508,0.19021816551685333,0.3255201578140259,0.27269044518470764,0.44837185740470886,0.5227598547935486,0.33692967891693115,0.009454220533370972,0.009459693916141987
rollout,1,0.2284407913684845,0.014282961376011372,0.015137691050767899,0.013328364118933678,0.01202800590544939,0.012793373316526413,0.01306246593594551,0.012695581652224064,0.007359243463724852,0.007219269406050444,0.3629753887653351,0.1898975372314453,0.3353869616985321,0.25781285762786865,0.4512234628200531,0.5186266899108887,0.3441769778728485,0.009399986825883389,0.009472424164414406
rollout,2,1.482558012008667,0.06675302982330322,0.03436439484357834,0.06549066305160522,0.02897215262055397,0.10049764066934586,0.09856639057397842,0.10542070120573044,0.00725078908726573,0.007274566683918238,2.2405459880828857,1.2126622200012207,2.2967095375061035,1.1530005931854248,3.01031756401062,2.8969266414642334,2.9953908920288086,0.013709679245948792,0.013340151868760586
rollout,3,1.464871883392334,0.12195352464914322,0.07416535913944244,0.12214546650648117,0.06274174898862839,0.16431188583374023,0.16271048784255981,0.17205655574798584,0.007520203944295645,0.007310494780540466,2.2817490100860596,1.6380881071090698,2.354119300842285,1.4251896142959595,2.7923038005828857,2.684514284133911,2.8348166942596436,0.013528399169445038,0.013333374634385109
rollout,4,1.4382703304290771,0.17140181362628937,0.12368694692850113,0.1729060411453247,0.0991647019982338,0.21626615524291992,0.21348334848880768,0.22297096252441406,0.008234858512878418,0.00786618608981371,2.2463104724884033,1.9077153205871582,2.326201915740967,1.5445951223373413,2.6710081100463867,2.5240063667297363,2.649724006652832,0.014094216749072075,0.01342869084328413
rollout,5,1.3982335329055786,0.2141585797071457,0.17722435295581818,0.21841561794281006,0.1335994005203247,0.2515474855899811,0.251344233751297,0.2612936496734619,0.00893315114080906,0.008337724953889847,2.1875667572021484,2.022843837738037,2.2566044330596924,1.549214243888855,2.4894821643829346,2.4252076148986816,2.530632972717285,0.014381926506757736,0.013650370761752129
rollout,6,1.3700135946273804,0.2504757344722748,0.23078972101211548,0.25592041015625,0.16380688548088074,0.27941861748695374,0.27807995676994324,0.28796347975730896,0.010156763717532158,0.00900892075151205,2.1494810581207275,2.0532307624816895,2.189962148666382,1.4988374710083008,2.442943572998047,2.3360466957092285,2.456432580947876,0.014532787725329399,0.014008520171046257
rollout,7,1.3558014631271362,0.2811528742313385,0.28162965178489685,0.2882700562477112,0.187197744846344,0.2954595983028412,0.29719647765159607,0.30436062812805176,0.010988270863890648,0.009861722588539124,2.0861570835113525,2.0531795024871826,2.170243501663208,1.4343467950820923,2.4003758430480957,2.3367297649383545,2.4464495182037354,0.01536206342279911,0.01440866943448782
rollout,8,1.353560209274292,0.30519694089889526,0.32817867398262024,0.3133487403392792,0.20346957445144653,0.30538952350616455,0.30763664841651917,0.3168679475784302,0.012275000102818012,0.010648827068507671,2.023380994796753,2.0512232780456543,2.1465888023376465,1.3791420459747314,2.411902904510498,2.3521246910095215,2.4874753952026367,0.016090277582406998,0.014956745319068432
rollout,9,1.3621420860290527,0.3238222599029541,0.3700953722000122,0.33038198947906494,0.21220511198043823,0.3120695650577545,0.3144814074039459,0.32264912128448486,0.013154041022062302,0.01180938258767128,2.013232946395874,2.026857614517212,2.051342725753784,1.321600079536438,2.503645420074463,2.420595169067383,2.5410823822021484,0.016871174797415733,0.015569969080388546
rollout,10,1.3766663074493408,0.3381120562553406,0.4059077501296997,0.3426745533943176,0.21457435190677643,0.3157903254032135,0.3175385892391205,0.32534533739089966,0.014195089228451252,0.013017971068620682,1.9870344400405884,2.018693208694458,2.091165065765381,1.318690299987793,2.5275371074676514,2.4473562240600586,2.6173486709594727,0.01822177693247795,0.016441036015748978
rollout,11,1.3973175287246704,0.3445058763027191,0.4355199933052063,0.35042956471443176,0.2100752294063568,0.3165818750858307,0.31758561730384827,0.3261195719242096,0.015211238525807858,0.014194218441843987,1.9869614839553833,1.997776985168457,2.0996687412261963,1.353947639465332,2.5884311199188232,2.5123510360717773,2.6773712635040283,0.019183803349733353,0.01696888357400894
rollout,12,1.4313805103302002,0.3459065854549408,0.45888349413871765,0.3504118025302887,0.20044012367725372,0.3143973648548126,0.3175886869430542,0.3242749869823456,0.015983495861291885,0.015265299938619137,2.0488147735595703,1.9714528322219849,2.122678518295288,1.4057621955871582,2.6545238494873047,2.6164233684539795,2.7607319355010986,0.020492397248744965,0.01831882819533348
rollout,13,1.4865285158157349,0.34404313564300537,0.47685056924819946,0.3468543291091919,0.18862798810005188,0.3139149844646454,0.31601855158805847,0.32338616251945496,0.017049729824066162,0.01655629090964794,2.1587002277374268,1.9682387113571167,2.1992735862731934,1.4804811477661133,2.7719640731811523,2.7094342708587646,2.895236015319824,0.021679937839508057,0.01887260004878044
rollout,14,1.5454691648483276,0.3377453684806824,0.48920056223869324,0.3418581783771515,0.1761903166770935,0.3137054443359375,0.31532323360443115,0.32447350025177,0.01797179877758026,0.01767059788107872,2.2194666862487793,1.976308822631836,2.27646803855896,1.5186216831207275,2.8789422512054443,2.852696418762207,3.0724658966064453,0.02288837544620037,0.01964031346142292
rollout,15,1.5852338075637817,0.32959577441215515,0.4991503655910492,0.33670559525489807,0.16661317646503448,0.3107569217681885,0.313136488199234,0.32351112365722656,0.018916485831141472,0.018892278894782066,2.320406436920166,1.9484574794769287,2.3170814514160156,1.5505993366241455,2.9986164569854736,2.925140142440796,3.151397228240967,0.02456689439713955,0.020744118839502335
rollout,16,1.6404311656951904,0.3306424915790558,0.5235902070999146,0.33781132102012634,0.16606150567531586,0.3085702955722809,0.31245678663253784,0.32335206866264343,0.01971062272787094,0.019825009629130363,2.4047398567199707,1.9926016330718994,2.401038408279419,1.6454962491989136,3.0923666954040527,3.0518722534179688,3.2420992851257324,0.026315325871109962,0.02179982140660286
rollout,17,1.7002582550048828,0.3318963050842285,0.5476998090744019,0.33882227540016174,0.16877208650112152,0.3064746558666229,0.309226393699646,0.3216976225376129,0.021088846027851105,0.021226923912763596,2.5079832077026367,2.055375099182129,2.487122058868408,1.7462756633758545,3.1986889839172363,3.1929516792297363,3.3182544708251953,0.02763974666595459,0.02293350175023079
rollout,18,1.7742278575897217,0.3341066539287567,0.5716516375541687,0.3416895270347595,0.1749982237815857,0.3057337701320648,0.3067775070667267,0.3221875727176666,0.022427743300795555,0.022537177428603172,2.641618251800537,2.105947256088257,2.613328218460083,1.8710912466049194,3.3243982791900635,3.370520830154419,3.409777879714966,0.029810840263962746,0.024329114705324173
rollout,19,1.8469703197479248,0.33508479595184326,0.5948590040206909,0.3446473777294159,0.18365059792995453,0.3046518564224243,0.3041359484195709,0.3206248879432678,0.023832812905311584,0.024002008140087128,2.883445978164673,2.185410737991333,2.762972354888916,1.9936556816101074,3.416041135787964,3.467505693435669,3.478790044784546,0.031234312802553177,0.025278296321630478
rollout,20,1.9448788166046143,0.3357078731060028,0.6175153255462646,0.3454345166683197,0.1950199156999588,0.30410656332969666,0.30235832929611206,0.3208215534687042,0.025143662467598915,0.025663066655397415,3.0665199756622314,2.2634992599487305,2.8964624404907227,2.1268491744995117,3.5816688537597656,3.6876308917999268,3.6438560485839844,0.033219676464796066,0.02718791738152504
rollout,21,2.021883249282837,0.3373164236545563,0.6390678286552429,0.3467348515987396,0.20834507048130035,0.30201613903045654,0.3011144995689392,0.3178592324256897,0.026882154867053032,0.027312595397233963,3.258549213409424,2.362276315689087,3.033677101135254,2.256774663925171,3.6476032733917236,3.868487596511841,3.721160888671875,0.035192832350730896,0.02837737835943699
rollout,22,2.1213431358337402,0.3381890654563904,0.6593152284622192,0.3494914770126343,0.2231196016073227,0.3004021942615509,0.30068275332450867,0.3198467195034027,0.02845233678817749,0.02875259704887867,3.432149887084961,2.464792013168335,3.177368640899658,2.426780939102173,3.8079216480255127,4.077600002288818,3.8764636516571045,0.03732595965266228,0.030016956850886345
rollout,23,2.2149477005004883,0.339939147233963,0.6788373589515686,0.35189539194107056,0.2389417141675949,0.29657652974128723,0.3010638356208801,0.31990543007850647,0.029993267729878426,0.03035118244588375,3.6558151245117188,2.6082940101623535,3.3192474842071533,2.5892910957336426,3.941098213195801,4.273066520690918,3.9476540088653564,0.0390748493373394,0.030941477045416832
rollout,24,2.310307502746582,0.34291890263557434,0.6978747844696045,0.35516905784606934,0.25572481751441956,0.2940324544906616,0.29888680577278137,0.31852468848228455,0.03142400458455086,0.031905293464660645,3.8939337730407715,2.7523279190063477,3.532182216644287,2.738703489303589,4.057199001312256,4.397207736968994,4.060303211212158,0.041229140013456345,0.032703887671232224
rollout,25,2.400878429412842,0.34554043412208557,0.7156649827957153,0.35683730244636536,0.27394744753837585,0.2914985716342926,0.2955490052700043,0.31635892391204834,0.033204253762960434,0.03372796252369881,4.058143615722656,2.895165205001831,3.6541693210601807,2.8852128982543945,4.211662769317627,4.603338718414307,4.145784378051758,0.04316391795873642,0.03412521630525589
rollout,26,2.511852502822876,0.3490249812602997,0.7325100302696228,0.3605952560901642,0.2944484055042267,0.28947708010673523,0.2932674288749695,0.3165926933288574,0.034986209124326706,0.03539348393678665,4.299605846405029,3.0443341732025146,3.8168559074401855,3.021775960922241,4.399331569671631,4.817198276519775,4.290067195892334,0.04523894190788269,0.035884320735931396
rollout,27,2.6078481674194336,0.350929856300354,0.7484117746353149,0.3643527030944824,0.3160654604434967,0.2870185077190399,0.29222026467323303,0.31758546829223633,0.03680079057812691,0.0370444655418396,4.520566940307617,3.1941912174224854,3.9873905181884766,3.134481430053711,4.498781204223633,5.016120910644531,4.41153621673584,0.04744066670536995,0.03723445162177086
rollout,28,2.7199251651763916,0.35359862446784973,0.7640767693519592,0.36706262826919556,0.3377211093902588,0.28601303696632385,0.2906697988510132,0.31693583726882935,0.03829298913478851,0.03866814449429512,4.746875762939453,3.336077928543091,4.144357681274414,3.278348445892334,4.788280963897705,5.172852039337158,4.545437812805176,0.04954063892364502,0.03872520476579666
rollout,29,2.81013822555542,0.35703644156455994,0.7800777554512024,0.3707679212093353,0.3598506450653076,0.28356993198394775,0.29030367732048035,0.3164897859096527,0.040177155286073685,0.040539827197790146,4.936748027801514,3.492022752761841,4.336750507354736,3.4210143089294434,4.833782196044922,5.378841400146484,4.636227607727051,0.0514703094959259,0.04013775661587715
rollout,30,2.9174842834472656,0.3607499599456787,0.7956783175468445,0.3757424056529999,0.3832099735736847,0.2816009521484375,0.2911420464515686,0.3177435100078583,0.0416906476020813,0.04207032546401024,5.148993968963623,3.6476376056671143,4.4964213371276855,3.5712482929229736,4.991256237030029,5.5944342613220215,4.78404426574707,0.05365392193198204,0.04182460159063339
rollout,31,3.0268194675445557,0.36536264419555664,0.8118959665298462,0.38123929500579834,0.40647920966148376,0.2811167538166046,0.2924859821796417,0.3194379508495331,0.043471913784742355,0.04361787065863609,5.344480037689209,3.7843401432037354,4.712757587432861,3.713588237762451,5.134424209594727,5.835982799530029,4.921818733215332,0.05605483800172806,0.042918138206005096
rollout,32,3.136756658554077,0.3700239956378937,0.8287296295166016,0.3850620687007904,0.42975807189941406,0.2808825969696045,0.29489943385124207,0.31984132528305054,0.04516120254993439,0.045334525406360626,5.63098669052124,3.94956636428833,4.88265323638916,3.8533682823181152,5.346546649932861,5.9353132247924805,5.085543632507324,0.05770106241106987,0.04475846141576767
rollout,33,3.2498910427093506,0.3755458891391754,0.8458853363990784,0.38829541206359863,0.45261847972869873,0.2804432809352875,0.29752078652381897,0.32199323177337646,0.046846844255924225,0.04706437140703201,5.8779616355896,4.11680793762207,5.107985019683838,3.972144842147827,5.509541034698486,6.134137153625488,5.221914768218994,0.06010183319449425,0.046194083988666534
rollout,34,3.3447773456573486,0.3808719217777252,0.8624707460403442,0.3927794396877289,0.4757798910140991,0.2784997224807739,0.29998648166656494,0.3243759274482727,0.04857495427131653,0.04866689071059227,6.061098098754883,4.290365219116211,5.223790645599365,4.138463973999023,5.643380165100098,6.38535737991333,5.257645606994629,0.06234124302864075,0.04799821227788925
rollout,35,3.46671724319458,0.38593336939811707,0.8785265684127808,0.3965230882167816,0.5004978179931641,0.27900010347366333,0.3013399839401245,0.32699158787727356,0.0503246933221817,0.05053645372390747,6.308910369873047,4.474817752838135,5.4133687019348145,4.287905693054199,5.796860694885254,6.58444356918335,5.498636722564697,0.06443177163600922,0.04956359788775444
rollout,36,3.571885585784912,0.39155831933021545,0.8942649960517883,0.40082675218582153,0.525117814540863,0.27947863936424255,0.3042006492614746,0.329651415348053,0.05211855098605156,0.05223937705159187,6.517928123474121,4.6602678298950195,5.598570346832275,4.421511173248291,5.917792797088623,6.803388595581055,5.618517875671387,0.06668996065855026,0.051080718636512756
rollout,37,3.6938672065734863,0.3969469666481018,0.9093979597091675,0.4061359763145447,0.5499471426010132,0.2809414565563202,0.3070868253707886,0.33140724897384644,0.05384419113397598,0.053864486515522,6.808504104614258,4.843245029449463,5.787753105163574,4.568319320678711,6.190505504608154,6.940760612487793,5.760084629058838,0.06875096261501312,0.05250073969364166
rollout,38,3.802158832550049,0.4021568298339844,0.9241989850997925,0.4116821587085724,0.5755304098129272,0.2820785641670227,0.31082865595817566,0.33347341418266296,0.055545683950185776,0.055560361593961716,7.022276878356934,5.019392967224121,5.950082302093506,4.672375202178955,6.374603271484375,7.173960208892822,5.878334999084473,0.07090336829423904,0.05385458469390869
rollout,39,3.9205050468444824,0.407717227935791,0.9387022256851196,0.4167133569717407,0.601276159286499,0.282863974571228,0.31490886211395264,0.33684226870536804,0.05732860788702965,0.05724062770605087,7.295083045959473,5.185220241546631,6.165226936340332,4.802441596984863,6.551102161407471,7.3780517578125,6.0204176902771,0.0734352394938469,0.05555758997797966
rollout,40,4.041847229003906,0.41540011763572693,0.9526988863945007,0.42101040482521057,0.6275615692138672,0.2835378646850586,0.3208915591239929,0.3409171998500824,0.05910368636250496,0.05899371951818466,7.496148109436035,5.368341445922852,6.3559088706970215,4.983120918273926,6.660316467285156,7.627678394317627,6.269686222076416,0.07556165009737015,0.057524457573890686
rollout,41,4.148367404937744,0.422289103269577,0.9665660262107849,0.42697834968566895,0.6540634632110596,0.28418850898742676,0.3276594281196594,0.346343457698822,0.06117847189307213,0.06076444312930107,7.767977714538574,5.555914878845215,6.5333170890808105,5.101378440856934,6.853459358215332,7.811544895172119,6.309146881103516,0.07775703072547913,0.05872907489538193
rollout,42,4.2667436599731445,0.4288477897644043,0.9807481169700623,0.4328385591506958,0.6808496117591858,0.2889134883880615,0.33398565649986267,0.35217803716659546,0.06268033385276794,0.06242069974541664,7.993653297424316,5.732437610626221,6.758983612060547,5.271730422973633,7.082455635070801,8.01348876953125,6.398961544036865,0.07960017025470734,0.06055419147014618
rollout,43,4.379669666290283,0.4357008635997772,0.9952755570411682,0.43879154324531555,0.7081802487373352,0.2904760539531708,0.34281352162361145,0.3576793968677521,0.06451942771673203,0.06417413800954819,8.245495796203613,5.87925386428833,6.951545238494873,5.380953311920166,7.172901630401611,8.210929870605469,6.658947467803955,0.08195286989212036,0.062117647379636765
rollout,44,4.498530864715576,0.4427289068698883,1.0093662738800049,0.44512754678726196,0.7354907393455505,0.29419323801994324,0.35064074397087097,0.36199960112571716,0.06627210974693298,0.06587205827236176,8.52291202545166,6.057209014892578,7.1893310546875,5.525800704956055,7.370946407318115,8.33711051940918,6.823384761810303,0.08446265012025833,0.06392505764961243
rollout,45,4.618218898773193,0.45013803243637085,1.023105263710022,0.4509565532207489,0.7632282376289368,0.2983088493347168,0.359492689371109,0.36831310391426086,0.0680161714553833,0.06773276627063751,8.78040885925293,6.252981662750244,7.399449348449707,5.662652492523193,7.483826160430908,8.61607551574707,6.945191860198975,0.08641666173934937,0.0652381181716919
rollout,46,4.72927188873291,0.45806846022605896,1.0366920232772827,0.4579479992389679,0.7905614972114563,0.3040035367012024,0.3697446286678314,0.37412115931510925,0.06973949819803238,0.06938483566045761,9.048209190368652,6.4321160316467285,7.595497131347656,5.781216621398926,7.670945644378662,8.775825500488281,7.061378002166748,0.08871858566999435,0.06659021228551865
rollout,47,4.845036029815674,0.46590420603752136,1.0508625507354736,0.4644884169101715,0.817567765712738,0.30918484926223755,0.37913212180137634,0.3813367784023285,0.07160650193691254,0.07094080001115799,9.256110191345215,6.620739459991455,7.787206649780273,5.8951005935668945,7.889474391937256,8.999930381774902,7.195849418640137,0.09111259132623672,0.0685073584318161
rollout,48,4.966409206390381,0.4752827286720276,1.0641859769821167,0.47199496626853943,0.8447064757347107,0.31401991844177246,0.3883505165576935,0.3869776725769043,0.07337894290685654,0.07274111360311508,9.501937866210938,6.802523612976074,7.9916205406188965,6.031066417694092,8.057121276855469,9.237370491027832,7.362653732299805,0.09363612532615662,0.07014214247465134
rollout,49,5.084102630615234,0.483271062374115,1.0774356126785278,0.4794430434703827,0.8717688322067261,0.3186635971069336,0.3975127041339874,0.39336758852005005,0.07515311241149902,0.0745469257235527,9.794633865356445,6.960460186004639,8.192376136779785,6.14583683013916,8.306264877319336,9.350105285644531,7.533525466918945,0.09591683745384216,0.0717134177684784
rollout,50,5.213197231292725,0.4917910695075989,1.0899156332015991,0.4874686598777771,0.8985136151313782,0.3249529004096985,0.4072541892528534,0.39967525005340576,0.07683141529560089,0.07618522644042969,10.053450584411621,7.160581588745117,8.434938430786133,6.289970397949219,8.474342346191406,9.613519668579102,7.679142951965332,0.09776704758405685,0.07331258803606033
